timestamp,bonn-bcp-parken-bahnhof,bonn-bcp-parken-beethoven,bonn-bcp-parken-friedensplatz,bonn-bcp-parken-karstadt,bonn-bcp-parken-markt,bonn-bcp-parken-muensterplatz,bonn-bcp-parken-rheinaue,bonn-bcp-parken-stadthaus,digistadt-dortmund-parken-Alte-Post,digistadt-dortmund-parken-Bissenkamp,digistadt-dortmund-parken-Cinestar,digistadt-dortmund-parken-Commerzbank,digistadt-dortmund-parken-Dietr-Keuning-Haus,digistadt-dortmund-parken-Dortmunder-U,digistadt-dortmund-parken-Freistuhl-Bibliothek,digistadt-dortmund-parken-Friedensplatz,digistadt-dortmund-parken-HDI-Sudbad,digistadt-dortmund-parken-Hansaplatz-Karstadt,digistadt-dortmund-parken-Hauptbahnhof,digistadt-dortmund-parken-Kaufhof,digistadt-dortmund-parken-Klinikum-DO,digistadt-dortmund-parken-Konzerthaus-Burgwall,digistadt-dortmund-parken-Kuckelke,digistadt-dortmund-parken-Rathaus-Stadtgarten,digistadt-dortmund-parken-Theater,digistadt-dortmund-parken-Thier-Galerie,digistadt-dortmund-parken-Westentor,dresden-parken-Altmarkt,dresden-parken-Altmarkt-Galerie,dresden-parken-Ammonstrasse-Bus,dresden-parken-An-der-Frauenkirche,dresden-parken-Bahnhof-Neustadt,dresden-parken-Bluherstrasse,dresden-parken-Budapester-Strasse,dresden-parken-Buhlau,dresden-parken-Centrum-Galerie,dresden-parken-City-Center,dresden-parken-Cossebaude,dresden-parken-Ferdinandplatz,dresden-parken-Fidelio-F-Finke-Strasse,dresden-parken-Frauenkirche-Neumarkt,dresden-parken-Freiberger-Platz,dresden-parken-Gompitz,dresden-parken-Haus-am-Zwinger,dresden-parken-Kaditz,dresden-parken-Karstadt,dresden-parken-Klotzsche,dresden-parken-Kongresszentrum,dresden-parken-Kraftwerk-Mitte,dresden-parken-Langebruck,dresden-parken-Lindengasse,dresden-parken-Lingnerallee,dresden-parken-Messe,dresden-parken-Ostra-Allee,dresden-parken-Ostra-Ufer,dresden-parken-Palaisplatz,dresden-parken-Parkhaus-Mitte,dresden-parken-Pennrich,dresden-parken-Pieschener-Allee-Bus,dresden-parken-Pirnaische-Strasse,dresden-parken-Pirnaischer-Platz,dresden-parken-Prohlis,dresden-parken-Reick,dresden-parken-Reitbahnstrasse,dresden-parken-SP1-Strassburger-Platz,dresden-parken-Sarrasanistrasse,dresden-parken-Schiessgasse,dresden-parken-Semperoper,dresden-parken-Strehlener-Strasse,dresden-parken-Taschenbergpalais,dresden-parken-Terrassenufer,dresden-parken-Terrassenufer-Bus,dresden-parken-Theresienstrasse,dresden-parken-Weissig,dresden-parken-Weixdorf-Bad,dresden-parken-Wiener-Platz-Hauptbahnhof,dresden-parken-Wiesentorstrasse,dresden-parken-Wigardstrasse,dresden-parken-Wohrl-Florentinum,dresden-parken-World-Trade-Center,dresden-parken-Zinzendorfstrasse,ffh-parken-bad-homburg-Am-Bahnhof,ffh-parken-bad-homburg-Louisen-Arkaden,ffh-parken-bad-homburg-Parkgarage-Karstadt,ffh-parken-bad-homburg-Parkgarage-Kurhaus,ffh-parken-bad-homburg-Parkgarage-Rathaus,ffh-parken-bad-homburg-Parkgarage-Schloss,ffh-parken-bad-homburg-Parkhaus-Louisencenter,ffh-parken-bad-homburg-Parkhaus-am-Markt,ffh-parken-frankfurt-Alte-Oper,ffh-parken-frankfurt-Am-Gericht,ffh-parken-frankfurt-Am-Theater,ffh-parken-frankfurt-Baseler-Platz,ffh-parken-frankfurt-Borse,ffh-parken-frankfurt-Hauptbahnhof-Sud,ffh-parken-frankfurt-Hauptwache,ffh-parken-frankfurt-Karstadt,ffh-parken-frankfurt-Konrad-Adenauer-Strasse,ffh-parken-frankfurt-Konstabler,ffh-parken-frankfurt-MyZeil,ffh-parken-kassel-Atrium,ffh-parken-kassel-City-Point,ffh-parken-kassel-Friedrichsplatz,ffh-parken-kassel-Galeria-Kaufhof,ffh-parken-kassel-Garde-du-Corps,ffh-parken-kassel-Herkules-Besucherzentrum,ffh-parken-kassel-Kurfursten-Galerie,ffh-parken-kassel-Martinskirche,ffh-parken-kassel-Rathaus,ffh-parken-kassel-Schloss-Wilhelmshohe,ffh-parken-kassel-Theaterplatz,ffh-parken-kassel-Wilhelmsstrasse,ffh-parken-mannheim-C1,ffh-parken-mannheim-Collini-Center,ffh-parken-mannheim-D3,ffh-parken-mannheim-D5-Reiss-Museum,ffh-parken-mannheim-G1-Marktplatz,ffh-parken-mannheim-H6,ffh-parken-mannheim-Hbf-P1,ffh-parken-mannheim-Hbf-P2,ffh-parken-mannheim-Hbf-P3,ffh-parken-mannheim-Klinikum,ffh-parken-mannheim-Messe-P6-P8,ffh-parken-mannheim-Mulde-Collini-Center,ffh-parken-mannheim-N1-Stadthaus,ffh-parken-mannheim-N2-Stadthaus,ffh-parken-mannheim-N6-Komfort,ffh-parken-mannheim-N6-Standard-Holiday-Inn,ffh-parken-mannheim-Parkplatz-M4a,ffh-parken-mannheim-SAP-Arena-P1,ffh-parken-mannheim-SAP-Arena-P2,ffh-parken-mannheim-SAP-Arena-P3,ffh-parken-mannheim-U2,ffh-parken-wiesbaden-City-1,ffh-parken-wiesbaden-City-2,ffh-parken-wiesbaden-Coulinstrasse,ffh-parken-wiesbaden-Galeria-Kaufhof,ffh-parken-wiesbaden-Karstadt,ffh-parken-wiesbaden-Kurhaus-Casino,ffh-parken-wiesbaden-Luisenforum,ffh-parken-wiesbaden-Luisenplatz,ffh-parken-wiesbaden-Markt,ffh-parken-wiesbaden-Mauritius-Galerie,ffh-parken-wiesbaden-Parkhaus-Liliencarre,ffh-parken-wiesbaden-RMCC,ffh-parken-wiesbaden-Theater,ffh-parken-wiesbaden-Tiefgarage-Liliencarre,ingolstadt-parken-Congressgarage,ingolstadt-parken-Festplatz,ingolstadt-parken-Hallenbad,ingolstadt-parken-Hauptbahnhof-Ost,ingolstadt-parken-Hauptbahnhof-West,ingolstadt-parken-Munster,ingolstadt-parken-Nordbahnhof,ingolstadt-parken-Reduit-Tilly,ingolstadt-parken-Schloss,ingolstadt-parken-Theater-Ost,ingolstadt-parken-Theater-West,koeln-apps-parken-Alte-Wallgasse,koeln-apps-parken-Am-Neumarkt,koeln-apps-parken-An-Farina,koeln-apps-parken-BP-Lungengasse,koeln-apps-parken-Bazaar-de-Cologne,koeln-apps-parken-Bruck-Mauspfad,koeln-apps-parken-Bruckenstrasse,koeln-apps-parken-Cacilienstrasse,koeln-apps-parken-Dom,koeln-apps-parken-DuMont-Carre,koeln-apps-parken-Gross-St-Martin,koeln-apps-parken-Gurzenich,koeln-apps-parken-Hauptbahnhof,koeln-apps-parken-Heumarkt,koeln-apps-parken-Hohe-Strasse,koeln-apps-parken-Im-Klapperhof,koeln-apps-parken-KSK-Richmodstr,koeln-apps-parken-Kaiser-Wilhelm-Ring,koeln-apps-parken-Karstadt,koeln-apps-parken-Kaufhof,koeln-apps-parken-Koln-Arcaden,koeln-apps-parken-Lanxess-Arena-P1,koeln-apps-parken-Lanxess-Arena-P2,koeln-apps-parken-Lanxess-Arena-P3,koeln-apps-parken-Lanxess-Arena-P4,koeln-apps-parken-Maastrichter-Strasse,koeln-apps-parken-Maritim,koeln-apps-parken-Marsdorf-P-R,koeln-apps-parken-Mediapark,koeln-apps-parken-Opern-Passagen,koeln-apps-parken-P-R-Stadion-P2,koeln-apps-parken-Philharmonie,koeln-apps-parken-REWE-City,koeln-apps-parken-Rhein-Triadem,koeln-apps-parken-Ringkarree,koeln-apps-parken-Rudolfplatz,koeln-apps-parken-Sparkasse-Schaafenstr,koeln-apps-parken-Stadion-P1,koeln-apps-parken-Stadion-P3,koeln-apps-parken-Stadion-P4,koeln-apps-parken-Stadion-P6,koeln-apps-parken-Stadion-P7,koeln-apps-parken-Stadion-P8-Bus,koeln-apps-parken-Stadion-P8-PKW,koeln-apps-parken-Theater-Krebsgasse,koeln-apps-parken-Wolfsstrasse,koeln-apps-parken-Zoo,mobil-potsdam-parken-Am-Kanal,mobil-potsdam-parken-BUGA-Park-Volkspark,mobil-potsdam-parken-Bahnhofspassagen-1,mobil-potsdam-parken-Bahnhofspassagen-2,mobil-potsdam-parken-Campus-Jungfernsee,mobil-potsdam-parken-Hollandisches-Viertel-Klinikum,mobil-potsdam-parken-Industrie-und-Handelskammer,mobil-potsdam-parken-Karstadt-Zentrum,mobil-potsdam-parken-Krongut-Bornstedt,mobil-potsdam-parken-Kutschstall-Nikolaisaal-Filmmuseum,mobil-potsdam-parken-Luisenplatz,mobil-potsdam-parken-Lustgarten,mobil-potsdam-parken-Markt-Center,mobil-potsdam-parken-Neuer-Garten-Cecilienhof,mobil-potsdam-parken-P-R-Bahnhof-Griebnitzsee,mobil-potsdam-parken-P-R-Bahnhof-Pirschheide,mobil-potsdam-parken-P-R-Johannes-Kepler-Platz,mobil-potsdam-parken-P-R-Rehbrucke,mobil-potsdam-parken-Park-Sanssouci-P1-Historische-Muhle,mobil-potsdam-parken-Park-Sanssouci-P2-Voltaireweg,mobil-potsdam-parken-Park-Sanssouci-P3-Am-Neuen-Palais,mobil-potsdam-parken-Parkplatz-Schloss-und-Park-Babelsberg,mobil-potsdam-parken-Schiffbauergasse-Hans-Otto-Theater,mobil-potsdam-parken-Sportpark-Luftschiffhafen,mobil-potsdam-parken-Weberpark,mobil-potsdam-parken-Werner-Alfred-Bad,mobil-potsdam-parken-Wilhelmgalerie,oldenburg-service-parken-Altes-Gymnasium,oldenburg-service-parken-CCO-Parkdeck-1,oldenburg-service-parken-CCO-Parkdeck-2,oldenburg-service-parken-Cinemaxx,oldenburg-service-parken-City,oldenburg-service-parken-Galeria-Kaufhof,oldenburg-service-parken-Hbf-ZOB,oldenburg-service-parken-Heiligengeist-Hoefe,oldenburg-service-parken-Pferdemarkt,oldenburg-service-parken-Ratsherren,oldenburg-service-parken-Schlosshoefe,oldenburg-service-parken-Theatergarage,oldenburg-service-parken-Theaterwall,oldenburg-service-parken-Waffenplatz,paderborn-parken-P1-Konigsplatz,paderborn-parken-P10-Westernmauer,paderborn-parken-P11-Am-Westerntor,paderborn-parken-P12-Rathenaustrasse,paderborn-parken-P13-Hauptbahnhof,paderborn-parken-P2-Florianstrasse,paderborn-parken-P3-Neuhauser-Tor,paderborn-parken-P4-Paderhalle-Maspernplatz,paderborn-parken-P5-Rolandsweg,paderborn-parken-P6-Libori-Galerie,paderborn-parken-P7-Le-Mans-Wall-Liboriberg,paderborn-parken-P8-Volksbank-Theater,paderborn-parken-P9-Domplatz,parken-in-ulm-Am-Rathaus,parken-in-ulm-Congress-Centrum-Nord-Basteicenter,parken-in-ulm-Congress-Centrum-Sud-Maritim-Hotel,parken-in-ulm-Deutschhaus,parken-in-ulm-Fischerviertel,parken-in-ulm-Frauenstrasse,parken-in-ulm-Kornhaus,parken-in-ulm-Salzstadel,parken-in-ulm-Theater,parken-luebeck-1,parken-luebeck-100,parken-luebeck-101,parken-luebeck-102,parken-luebeck-107,parken-luebeck-11,parken-luebeck-15,parken-luebeck-17,parken-luebeck-18,parken-luebeck-19,parken-luebeck-20,parken-luebeck-21,parken-luebeck-22,parken-luebeck-23,parken-luebeck-24,parken-luebeck-26,parken-luebeck-27,parken-luebeck-28,parken-luebeck-29,parken-luebeck-31,parken-luebeck-32,parken-luebeck-33,parken-luebeck-35,parken-luebeck-36,parken-luebeck-38,parken-luebeck-42,parken-luebeck-43,parken-luebeck-44,parken-luebeck-45,parken-luebeck-46,parken-luebeck-47,parken-luebeck-48,parken-luebeck-5,parken-luebeck-50,parken-luebeck-51,parken-luebeck-52,parken-luebeck-53,parken-luebeck-54,parken-luebeck-55,parken-luebeck-56,parken-luebeck-58,parken-luebeck-6,parken-luebeck-60,parken-luebeck-62,parken-luebeck-63,parken-luebeck-64,parken-luebeck-65,parken-luebeck-68,parken-luebeck-69,parken-luebeck-71,parken-luebeck-75,parken-luebeck-81,parken-luebeck-82,parken-luebeck-85,parken-luebeck-86,parken-luebeck-88,parken-luebeck-89,parken-luebeck-90,parken-luebeck-91,parken-luebeck-95,parken-luebeck-96,parken-luebeck-98,parken-luebeck-99,stadt-muenster-parken-Parkhaus-Aegidii,stadt-muenster-parken-Parkhaus-Alter-Steinweg,stadt-muenster-parken-Parkhaus-Bahnhofstrasse,stadt-muenster-parken-Parkhaus-Bremer-Platz,stadt-muenster-parken-Parkhaus-Cineplex,stadt-muenster-parken-Parkhaus-Engelenschanze,stadt-muenster-parken-Parkhaus-Karstadt,stadt-muenster-parken-Parkhaus-Munster-Arkaden,stadt-muenster-parken-Parkhaus-PH-Stadthaus-3,stadt-muenster-parken-Parkhaus-Stubengasse,stadt-muenster-parken-Parkhaus-Theater,stadt-muenster-parken-Parkplatz-Busparkplatz,stadt-muenster-parken-Parkplatz-Georgskommende,stadt-muenster-parken-Parkplatz-Horster-Platz,stadt-muenster-parken-Parkplatz-Schlossplatz-Nord,stadt-muenster-parken-Parkplatz-Schlossplatz-Sud,vmz-bremen-parken-Parkhaus-Am-Bahnhof,vmz-bremen-parken-Parkhaus-Am-Brill,vmz-bremen-parken-Parkhaus-Am-Dom,vmz-bremen-parken-Parkhaus-Am-Sedanplatz,vmz-bremen-parken-Parkhaus-Am-Vegesacker-Hafen,vmz-bremen-parken-Parkhaus-Am-Wall,vmz-bremen-parken-Parkhaus-Aumunder-Markplatz,vmz-bremen-parken-Parkhaus-City-Gate,vmz-bremen-parken-Parkhaus-Haven-Hoovt,vmz-bremen-parken-Parkhaus-Herdentor-Rembertiring,vmz-bremen-parken-Parkhaus-Hillmannplatz,vmz-bremen-parken-Parkhaus-Hollerallee,vmz-bremen-parken-Parkhaus-Katharinenklosterhof,vmz-bremen-parken-Parkhaus-Mitte,vmz-bremen-parken-Parkhaus-Ostertor-Kulturmeile,vmz-bremen-parken-Parkhaus-Pressehaus,vmz-bremen-parken-Parkhaus-Rovekamp-Musicalth,vmz-bremen-parken-Parkhaus-Stephani,vmz-bremen-parken-Parkplatz-Am-Kuhhirten,vmz-bremen-parken-Parkplatz-Beckersweide,vmz-bremen-parken-Parkplatz-Burgerweide,vmz-bremen-parken-Parkplatz-Burgerweide-Klangbogen,vmz-bremen-parken-Parkplatz-Fresenbergstrasse-P1,vmz-bremen-parken-Parkplatz-Fresenbergstrasse-P2,vmz-bremen-parken-Parkplatz-Im-Pohl,vmz-bremen-parken-Parkplatz-Kunstlerhaus-Guterbahnhof,vmz-bremen-parken-Parkplatz-Lubecker-Strasse,vmz-bremen-parken-Parkplatz-Ortsamt-Blumenthal,vmz-bremen-parken-Parkplatz-Sagerstr,vmz-bremen-parken-Parkplatz-Silbermannstrasse,vmz-bremen-parken-Parkplatz-Uberseestadt,vmz-bremen-parken-Parkplatz-Weserstadion,wiesbaden-parken-City-I,wiesbaden-parken-City-II,wiesbaden-parken-Coulinstrasse,wiesbaden-parken-Galeria-Kaufhof,wiesbaden-parken-Karstadt,wiesbaden-parken-Kurhaus-Casino,wiesbaden-parken-Luisenforum,wiesbaden-parken-Luisenplatz,wiesbaden-parken-Markt,wiesbaden-parken-Mauritius-Parkhaus,wiesbaden-parken-PH-Liliencarree,wiesbaden-parken-RheinMain-CongressCenter-RMCC,wiesbaden-parken-TG-Liliencarree,wiesbaden-parken-Theater
2020-03-24T16:00:04+00:00,,,,,,,,,,,,,,,,,,,,,,,,,,,,,,,,,,,,,,,,,,,,,,,,,,,,,,,,,,,,,,,,,,,,,,,,,,,,,,,,,,,,,,,,,,,,,,,,,,,,,,,,,,,,,,,,,,,,,,,,,,,,,,,,,,,,,,,,,,,,,,,,,,,,,,,,,,,,,,,,,,,,,,,,,,,,,,,,,,,,,,,,,,,,,,,,,,,,,,,,,,,,,,,,,,,,,,,,,,,,,,,,,,,,,,,,,,,,,,,,,,,,,,,,,,,,,,,,,,,,,,,,,,,,,,,,,,,,,,,,,,,,,,,,,,,,,,,,,,,,,,,,,,,,,,,,,,,,,,,,,,,,,,,,,394,,49,,,,,,,,,,,,,,,,,,,,,,,,,,,,,,,,,,,,,,,,,,,,,,,,,,,,,,,,,,,,,,
2020-03-24T16:01:02+00:00,,,,,,,,,76,127,,,62,430,0,0,,544,489,117,,237,273,498,349,711,,385,386,44,111,,,70,,880,65,28,114,78,220,,,79,181,141,26,201,158,41,25,,,,117,,236,45,90,,85,100,7,193,167,16,122,266,235,91,46,17,38,,,334,53,,243,214,,92,187,352,171,129,215,90,55,329,410,257,242,50,284,319,344,390,558,652,96,207,651,209,97,283,552,53,,380,,,110,328,149,263,294,182,302,279,78,423,1500,114,192,260,188,233,58,344,,,162,121,220,291,233,321,303,697,246,478,526,136,668,290,245,,,,,,,,,,,,135,0,165,180,0,71,466,239,403,277,146,199,387,244,153,150,26,470,326,860,1163,1518,95,634,213,285,0,274,107,56,321,30,191,263,0,0,141,,,,,,,,202,315,,,,,,,,,,,,,,,,,,,,,,,,,,,,,,,,,,,,,,,,,,,,,,,,,,,,,,,,449,311,212,480,340,731,,422,0,191,,10,,51,122,378,,,,,,,,,,,,,,,,,98,,,,,24,318,55,,89,,,742,,126,,,730,153,,,54,,,,,,205,,120,,,215,93,43,37,421,398,,,,,,,,,,,,,,,,,,,,,,,,,,,,,,,,,,,,,,,,,,,,,,,,,,,,,,,,,,,,,,,,
2020-03-24T16:10:26+00:00,,,,,,,,,77,126,,,,433,,,,548,492,,,240,274,504,353,712,,390,388,,,,,71,,884,64,,115,80,,,,82,,,,202,162,,24,,,,116,,239,,,,,103,,,162,,121,,,,,,,,,335,,,,,,,188,351,172,,218,,,332,411,262,243,,288,321,345,,565,655,101,,653,,,279,,,,384,,,,340,152,270,,183,301,277,,430,,117,196,,,232,,,,,163,120,225,293,232,,308,701,248,479,527,137,669,291,246,,,,,,,,,,,,137,,167,182,,,467,,,278,,,,,154,,34,,,,1169,1528,96,,216,287,,,,,,,,,,,144,,,,,,,,,316,,,,,,,,,,,,,,,,,,,,,,,,,,,,,,,,,,,,,,,,,,,,,,,,,,,,,,,,451,317,213,479,341,740,,423,,190,,,,,123,380,,,,,,,,,,,,,,,,,99,,,,,,319,56,,,,,,,,,,731,157,,,,,,,,,204,,,,,216,,45,,,,,,,,,,,,,,,,,,,,,,,,,,,,,,,,,,,,,,,,,,,,,,,,,,,,,,,,,,,,,,,,,,,
2020-03-24T16:43:12+00:00,354,385,747,71,273,297,232,292,83,127,,,,440,,,,555,498,118,,243,284,523,366,717,,394,391,,,,,73,,896,65,,117,84,,,,83,,138,,206,175,43,,,,,117,,246,47,,,,106,,196,168,18,130,267,,92,45,18,,,,,,,245,217,,93,185,355,184,130,,91,56,337,423,273,249,,300,324,352,405,577,658,104,208,656,,96,301,554,,,398,,,118,351,170,289,296,196,,280,79,445,,133,219,,,246,,,,,166,122,228,298,233,330,325,710,253,488,528,138,675,,255,,,,,,,,,,,,152,,169,190,,,473,,411,290,145,,,261,,,89,,,,1176,1564,102,,231,295,,,,,,,,264,,,175,,,,,,,,,319,,,,,,,,,,,,,,,,,,,,,,,,,,,,,48,0,0,354,364,0,155,180,399,16,104,92,65,457,,,,,,,,,,,,,,464,349,219,492,349,722,,432,,192,,,,52,124,388,,,,,,,,,,,,,,,,,100,,,,,,320,,,,,,,,129,,,728,165,,,,,,,,,,,,,,211,,41,36,424,396,,,609,349,0,246,574,406,162,150,238,209,635,0,0,0,0,0,,,,,,,,,,,,,,,,,,,,,,,,,,,,,,,,,,,,,,,,,,,,,,
2020-03-24T16:49:52+00:00,356,386,751,,274,,233,,85,,,,,441,,,,556,502,,,,287,524,365,718,,396,392,,,,,,,,,,120,86,,,,,,139,,207,,,23,,,,,,247,,,,84,,,197,166,20,,,,93,,,,,,,54,,,,,,188,,182,133,220,90,,339,426,276,250,,302,325,353,406,578,,105,,657,,,302,,,,399,,,,354,172,290,,,,,,,,,227,,,251,,,,,168,121,230,300,236,329,328,712,254,491,,136,679,296,260,,,,,,,,,,,,,,,,,,,,,,,,,,,,,,,,,,,,,,,,,,,,,,,,,,,,,,,,,,,,,,,,,,,,,,,,,,,,,,,,,,,,,,,,,355,366,,,181,400,,105,,66,458,,,,,,,,,,,,,,465,356,,490,348,723,,435,,189,,,,,,392,,,,,,,,,,,,,,,,,,,,,,22,322,,,,,,,,130,,,729,,,,,,,,,,203,,,,,210,94,39,,,,,,611,348,,245,577,409,,,,210,638,,,,,,,,,,,,,,,,,,,,,,,,,,,,,,,,,,,,,,122,229,301,236,329,331,711,254,492,528,137,680,257,296
2020-03-24T16:53:02+00:00,,,753,,,298,,293,,,,,,,,,,,,,,,,,,,,,,,,,,,,,,,,,,,,,,,,,,,,,,,,,,,,,,,,,,,,,,,,,,,,,,,,,,,,,,,,,,,,,,,,,,,,,,,,,,,,,,,,,,,,,,,,,,,,,,,,,,,,,,,,,,,,,,,,,,,,,,,,,,,,,,,,,,,,,,,,,,,,,,,,,,,,,,,,,,,,,,,,,,,,,,,,,,,,,,,,,,,,,,,,,,,,,,,,,,,,,,,,,,,,,,,,,,,,,,,,,,,,,,,,,,,,,,,,,,,,,,,,,,,,,,,,,,,,,,,,,,,,,,,,,,,,,,,,,,,,,,,,,,,,,,,,,,,,,,,,,,,,,,,,,,,,,,,,,,,,,,,,,,,,,,,,,,,,,,,,,,,,,,,,,,,,,,,,,,,,,,,,,
2020-03-24T16:53:03+00:00,,,,,,,,,84,,,,,442,,,,558,503,117,,,,527,366,,,,,,,,,,,,,,,,,,,,,,,,,,,,,,,,,,,,,,,,,,,,,,,,,,,,,,,,,,,,,,,,,,,,,,,,,,,,,,,,,,,,,,,,,,,,,,,,,,,,,,,,,,,,,,,,,,,,,,,,,,,,,,,,,,,,,,,,,,,,,,,,,,,,,,,,,,,,,,,,,,,,,,,,,,,,,,,,,,,,,,,,,,,,,,,,,,,,,,,,,,,,,,,,,,,,,,,,,,,,,,,,,,,,,,,,,,,,,,,,,,,,,,,,,,,,,,,,,,,,,,,,,,,,,,,,,,,,,,,,,,,,,,,,,,,,,,,,,,,,,,,,,,,,,,,,,,,,,,,,,,,,,,,,,,,,,,,,,,,,,,,,,,,,,,,,,,,,,,,,,,,,,,,,
2020-03-24T16:53:04+00:00,,,,,,,,,,,,,,,,,,,,,,,,,,,,397,,,,,,,,,,,,88,,,,,,,,208,,,,,,,,,251,,,,83,105,6,196,167,,,,,,,,,,,,,,,216,,,,,,,,,,,,,,,,,,,,,,,,,,,,,,,,,,,,,,,,,,,,,,,,,,,,,,,,,,,,,,,,,,,,,,,,,,,,,,,,,,,,,,,,,,,,,,,,,,,,,,,,,,,,,,,,,,,,,,,,,,,,,,,,,,,,,,,,,,,,,,,,,,,,,,,,,,,,,,,,,,,,,,,,,,,,,,,,,,,,,,,,,,,,,,,,,,,,,,,,,,,,,,,,,,,,,,,,,,,,,,,,,,,,,,,,,,,,,,,,,,,,,,,,,,,,,,,,,,,,,,,,,,,,,,,,,,,,,,,,,,,,,,,,,,,,,,,,,,,,,,,,,,,,,,,,,
2020-03-24T16:53:05+00:00,,,,,,,,,,,,,,,,,,,,,,,,,,,,,,,,,,,,,,,,,,,,,,,,,,,,,,,,,,,,,,,,,,,,,,,,,,,,,,,,,,,,,,,,,,,,,,,,,,,,,,,,,,,,,,,,,,,,,,,,,,,,,,,,,,,,,,,,,,,,,,,,,,,,,,,,,,,,,,,156,,,193,,,,,410,295,148,,,270,,,100,,,,1177,1569,104,,232,297,,,,,,,,,,,182,,,,,,,,,321,,,,,,,,,,,,,,,,,,,,,,,,,,,,,,,,,,,,,,,,,,,,,,,,,,,,,,,,,,,,,,,,,,,,,,,,,,,,,,,,,,,,,,,,,,,,,,,,,,,,,,,,,,,,,,,,,,,,,,,,,,,,,,,,,,,,,,,,,,,,,,,,,,,,,,,,,,,,,,,,,,,,,,,,,,,,,,,,,,,,,,,,,,,,,
2020-03-24T16:53:07+00:00,,,,,,,,,,,,,,,,,,,,,,,,,,,,,,,,,,,,,,,,,,,,,,,,,,,,,,,,,,,,,,,,,,,,,,,,,,,,,,,,,,,,,,,,,,,,,,,,,,,,,,,,,,,,,,,,,,,,,,,,,,,,,,,,,,,,,,,,,,,,,,,,,,,,,,,,,,,,,,,,,,,,,,,,,,,,,,,,,,,,,,,,,,,,,,,,,,,,,,,,,,,,,,,,,,,,,,,,,,,,,,,,,,,,,,,,,,,,,,,,182,401,,,,65,460,,,,,,,,,,,,,,,,,,,,,,,191,,,,,,395,,,,,,,,,,,,,,,,,,,,,,,323,,,,,,,,,,,730,169,,,,,,,,,,,,,,211,92,41,,,,,,,,,244,,410,,,,211,639,,,,,,,,,,,,,,,,,,,,,,,,,,,,,,,,,,,,,,,,,,,,,,,,,,,
2020-03-24T16:53:08+00:00,,,,,,,,,,,,,,,,,,,,,,,,,,,,,,,,,,,,,,,,,,,,,,,,,,,,,,,,,,,,,,,,,,,,,,,,,,,,,,,,,,,,,,,,,,,,,,,,,,,,,,,,,,,,,,,,,,,,,,,,,,,,,,,,,,,,,,,,,,,,,,,,,,,,,,,,,,,,,,,,,,,,,,,,,,,,,,,,,,,,,,,,,,,,,,,,,,,,,,,,,,,,,,,,,,,,,,,,,,,,,,,,,,,,,,,,,,,,,,,,,,,,,,,529,,,,,234,161,562,527,408,214,145,,471,359,,,,724,,,,,,,,,,,,,,,,,,,,,,,,,,,,,,,,,,,,,,,,,,,,,,,,,,,,,,,,,,,,,,,,,,,,,,,,,,,,,,,,,,,,,,,,,,,,,,,,,,,,,,,,,,,,,,,,,,,,,,,,,,,,,,,,
2020-03-24T16:53:09+00:00,,,,,,,,,,,,,,,,,,,,,,,,,,,,,,,,,,,,,,,,,,,,,,,,,,,,,,,,,,,,,,,,,,,,,,,,,,,,,,,,,,,,,,,,,,,,,,,,,,,,,,,,,,,,,,,,,,,,,,,,,,,,,,,,,,,,,,,,,,,,,,,,,,,,,,,,,,,,,,,,,,,,,,,,,,,,,,,,,,,,,,,,,,,,,,,,,,,,,,,,,,,,,,,,,,,,,,,,,,,,,,,,,,,,,,,,,,,,,,,,,,,,,,,,,,,,,,,,,,,,,,,,,,,,,,,,,,,,,,,,,,,,,,,,,,,,,,,,,,,,,,,,,,,,,,,,,,,,,,,,,,,,,,,,,,,,,,,,,,,,,,,,,,,,,,,,,,,,,,,,,,,,,,,,,,,,,,,,,,,,,,303,,,,710,,493,,,681,,
2020-03-24T17:04:01+00:00,358,389,755,,275,299,,300,85,,,,,444,,,,560,504,118,,244,291,530,370,720,,,,,,,,,,,,,,,,,,,,,,,,,,,,,,,,,,,,,,,,,,,,,,,,,,,,,,,,,,,,,,,,,,,,,,,,,,,,,,,,,,,,,,,,,,,,,,,,,,,,,,,,,,,,,,,,,,,,,,,,,,,,,,,,,,,,,,,,,,,,,,,,,,,,,,,,,,,,,,,,,,,,,,,,,,,,,,,,,,,,,,,,,,,,,,,,,,,,,,,,,,,,,,,,,,,,,,,,,,,,,,,,,,,,,,,,,,,,,,,,,,,,,,,,,,,,,,,,,,,,,,,,,,,,,,,,,,,,,,,,,,,,,,,,,,,,,,,,,,,,,,,,,,,,,,,,,,,,,,,,,,,,,,,,,,,,,,,,,,,,,,,,,,,,,,,,,,,,,,,,,,,,,,,
2020-03-24T17:04:02+00:00,,,,,,,,,,,,,,,,,,,,,,,,,,,,,,,,,,71,,898,66,,,87,,,,84,,142,,210,181,45,24,,,,,,253,46,,,85,104,,198,170,18,135,357,,,44,,,,,,,,,,,,,,,,,,,,,,,,,,,,,,,,,,,,,,,,,,,,,,,,,,,,,,,,,,,,,,,,,,,,,,,,,,,,,,,,,,,,,,,,,,,,,,,,,,,,,,,,,,,,,,,,,,,,,,,,,,,,,,,,,,,,,,,,,,,,,,,,,,,,,,,,,,,,,,,,,,,,,,,,,,,,,,,,,,,,,,,,,,,,,,,,,,,,,,,,,,,,,,,,,,,,,,,,,,,,,,,,,,,,,,,,,,,,,,,,,,,,,,,,,,,,,,,,,,,,,,,,,,,,,,,,,,,,,,,,,,,,,,,,,,,,,,,,,,,,,,,,,,,,,,,,,,,,,,,,,,
2020-03-24T17:04:03+00:00,,,,,,,,,,,,,,,,,,,,,,,,,,,,,,,,,,,,,,,,,,,,,,,,,,,,,,,,,,,,,,,,,,,,,,,,,,,,,,,,,,,196,358,,,,,,343,432,281,251,,306,329,355,407,585,662,104,210,658,,,306,553,,,402,,,122,355,181,295,,,,,78,447,,138,236,,,253,,,,,167,124,,305,,328,331,715,253,492,,138,681,297,256,,,,,,,,,,,,,,,,,,,,,,,,,,,,,,,,,,,,,,,,,,,,,,,,,,,,,,,,,,,,,,,,,,,,,,,,,,,,,,,,,,,,,,,,,,,,,,,,,,,,,,,,,,,,,,,,,,,,,,,,,,,,,,,,,,,,,,,,,,,,,,,,,,,,,,,,,,,,,,,,,,,,,,,,,,,,,,,,,,,,,,,,,,,,,,,,,,,,,,,,,,,,,,,,,,,,,,,,,,,,,,,,,,,,,,,,,,,,,,,,,,,,,,
2020-03-24T17:04:05+00:00,,,,,,,,,,,,,,,,,,,,,,,,,,,,,,,,,,,,,,,,,,,,,,,,,,,,,,,,,,,,,,,,,,,,,,,,,,,,,,,,,,,,,,,,,,,,,,,,,,,,,,,,,,,,,,,,,,,,,,,,,,,,,,,,,,,,,,,,,,,,,,,,,,,,,,,,,,,,,,,166,,171,194,,,475,,411,296,149,,386,272,,,106,,,,,1572,,,,299,,,,,,,,,,,,,,,,,,,,322,,,,,,,,,,,,,,,,,,,,,,,,,,,,,,,,,,,,,,,,,,,,,,,,,,,,,,,,,,,,,,,,,,,,,,,,,,,,,,,,,,,,,,,,,,,,,,,,,,,,,,,,,,,,,,,,,,,,,,,,,,,,,,,,,,,,,,,,,,,,,,,,,,,,,,,,,,,,,,,,,,,,,,,,,,,,,,,,,,,,,,,,,,,,,
2020-03-24T17:04:06+00:00,,,,,,,,,,,,,,,,,,,,,,,,,,,,,,,,,,,,,,,,,,,,,,,,,,,,,,,,,,,,,,,,,,,,,,,,,,,,,,,,,,,,,,,,,,,,,,,,,,,,,,,,,,,,,,,,,,,,,,,,,,,,,,,,,,,,,,,,,,,,,,,,,,,,,,,,,,,,,,,,,,,,,,,,,,,,,,,,,,,,,,,,,,,,,,,,,,,,,,,,,,,,,,,,,,,,,,,,,,,,,,,,,,,,,,,,,,,,356,370,,,181,,,106,93,,458,,,,,,,,,,,,,,475,361,,492,352,726,,438,,192,,,,,,396,,,,,,,,,,,,,,,,,,,,,,,,,,,,,,,,,,731,,,,56,,,,,,204,,,,,209,93,,,425,397,,,616,350,,246,578,414,,,241,212,640,,,,,,,,,,,,,,,,,,,,,,,,,,,,,,,,,,,,,,,,,,,,,,,,,,,
2020-03-24T17:04:07+00:00,,,,,,,,,,,,,,,,,,,,,,,,,,,,,,,,,,,,,,,,,,,,,,,,,,,,,,,,,,,,,,,,,,,,,,,,,,,,,,,,,,,,,,,,,,,,,,,,,,,,,,,,,,,,,,,,,,,,,,,,,,,,,,,,,,,,,,,,,,,,,,,,,,,,,,,,,,,,,,,,,,,,,,,,,,,,,,,,,,,,,,,,,,,,,,,,,,,,,,,,,,,,,,,,,,,,,,,,,,,,,,,,,,,,,,,,,,,,,,,,,,,,,,,,,,,,,,,,,,,,,,,,,,,,,,,,,,,,,,,,,,,,,,,,,,,,,,,,,,,,,,,,,,,,,,,,,,,,,,,,,,,,,,,,,,,,,,,,,,,,,,,,,,,,,,,,,,,,,,,,,,,,,,,,,,,,,,,,,,,,124,233,305,237,328,,715,253,491,,138,,255,297
2020-03-24T17:30:01+00:00,364,396,771,,274,300,235,303,86,,,,,451,,,,564,,119,,251,309,545,386,722,,,,,,,,,,,,,,,,,,,,,,,,,,,,,,,,,,,,,,,,,,,,,,,,,,,,,,,,,,,,,,,,,,,,,,,,,,,,,,,,,,,,,,,,,,,,,,,,,,,,,,,,,,,,,,,,,,,,,,,,,,,,,,,,,,,,,,,,,,,,,,,,,,,,,,,,,,,,,,,,,,,,,,,,,,,,,,,,,,,,,,,,,,,,,,,,,,,,,,,,,,,,,,,,,,,,,,,,,,,,,,,,,,,,,,,,,,,,,,,,,,,,,,,,,,,,,,,,,,,,,,,,,,,,,,,,,,,,,,,,,,,,,,,,,,,,,,,,,,,,,,,,,,,,,,,,,,,,,,,,,,,,,,,,,,,,,,,,,,,,,,,,,,,,,,,,,,,,,,,,,,,,,,,
2020-03-24T17:30:03+00:00,,,,,,,,,,,,,,,,,,,,,,,,,,,,399,394,,,,,77,,909,67,,,90,219,,,86,180,141,,212,183,47,,,,,,,254,47,,,86,105,7,203,171,,144,359,,94,,,,,,,,,,215,,,,,,,,,,,,,,,,,,,,,,,,,,,,,,,,,,,,,,,,,,,,,,,,,,,,,,,,,,,,,,,,,,,,,,,,,,,,,,,,,,,,,,,,,,,,,,,,,,,,,,,,,,,,,,,,,,,,,,,,,,,,,,,,,,,,,,,,,,,,,,,,,,,,,,,,,,,,,,,,,,,,,,,,,,,,,,,,,,,,,,,,,,,,,,,,,,,,,,,,,,,,,,,,,,,,,,,,,,,,,,,,,,,,,,,,,,,,,,,,,,,,,,,,,,,,,,,,,,,,,,,,,,,,,,,,,,,,,,,,,,,,,,,,,,,,,,,,,,,,,,,,,,,,,,,,,
2020-03-24T17:30:04+00:00,,,,,,,,,,,,,,,,,,,,,,,,,,,,,,,,,,,,,,,,,,,,,,,,,,,,,,,,,,,,,,,,,,,,,,,,,,,,,,,,,,,197,360,201,,243,91,,345,436,296,256,,311,330,359,412,587,677,107,,668,,97,307,,,,412,,,136,359,188,297,299,198,299,279,80,452,,139,253,,,259,59,,,,,,234,306,238,337,344,718,258,497,530,143,689,299,262,,,,,,,,,,,,,,,,,,,,,,,,,,,,,,,,,,,,,,,,,,,,,,,,,,,,,,,,,,,,,,,,,,,,,,,,,,,,,,,,,,,,,,,,,,,,,,,,,,,,,,,,,,,,,,,,,,,,,,,,,,,,,,,,,,,,,,,,,,,,,,,,,,,,,,,,,,,,,,,,,,,,,,,,,,,,,,,,,,,,,,,,,,,,,,,,,,,,,,,,,,,,,,,,,,,,,,,,,,,,,,,,,,,,,,,,,,,,,,,,,,,,,,
2020-03-24T17:30:07+00:00,,,,,,,,,,,,,,,,,,,,,,,,,,,,,,,,,,,,,,,,,,,,,,,,,,,,,,,,,,,,,,,,,,,,,,,,,,,,,,,,,,,,,,,,,,,,,,,,,,,,,,,,,,,,,,,,,,,,,,,,,,,,,,,,,,,,,,,,,,,,,,,,,,,,,,,,,,,,,,,176,,173,199,,,,,410,301,151,200,388,276,,,114,,,,1193,1581,,,238,300,,,,,,,,,,,187,,,,,,,,,327,,,,,,,,,,,,,,,,,,,,,,,,,,,,,,,,,,,,,,,,,,,,,,,,,,,,,,,,,,,,,,,,,196,,,,,,399,,,,,,,,,,,,,,,,,102,,,,,,325,55,,,,,,,,,,733,177,,,,,,,,,207,,,,,208,87,,37,428,,,,,,,,,,,,,,,,,,,,,,,,,,,,,,,,,,,,,,,,,,,,,,,,,,,,,,,,,,,,,,,,,
2020-03-24T17:30:08+00:00,,,,,,,,,,,,,,,,,,,,,,,,,,,,,,,,,,,,,,,,,,,,,,,,,,,,,,,,,,,,,,,,,,,,,,,,,,,,,,,,,,,,,,,,,,,,,,,,,,,,,,,,,,,,,,,,,,,,,,,,,,,,,,,,,,,,,,,,,,,,,,,,,,,,,,,,,,,,,,,,,,,,,,,,,,,,,,,,,,,,,,,,,,,,,,,,,,,,,,,,,,,,,,,,,,,,,,,,,,,,,,,,,,,,,,,,,,,,,384,,157,187,400,,108,,63,467,550,,,,,239,168,569,526,412,210,148,,487,366,,503,358,745,,445,,,,,,,,,,,,,,,,,,,,,,,,,,,,,,,,,,,,,,,,,,,,,,,,,,,,,,,,,,,,,,,,,630,,,,582,419,,,245,220,645,,,,,,,,,,,,,,,,,,,,,,,,,,,,,,,,,,,,,,,,306,238,337,342,719,258,498,530,143,689,260,299
2020-03-24T18:00:01+00:00,366,399,778,,275,306,234,305,88,,,,,455,,,,568,507,120,,253,314,552,392,,,,,,,,,,,,,,,,,,,,,,,,,,,,,,,,,,,,,,,,,,,,,,,,,,,,,,,,,,,,,,,,,,,,,,,,,,,,,,,,,,,,,,,,,,,,,,,,,,,,,,,,,,,,,,,,,,,,,,,,,,,,,,,,,,,,,,,,,,,,,,,,,,,,,,,,,,,,,,,,,,,,,,,,,,,,,,,,,,,,,,,,,,,,,,,,,,,,,,,,,,,,,,,,,,,,,,,,,,,,,,,,,,,,,,,,,,,,,,,,,,,,,,,,,,,,,,,,,,,,,,,,,,,,,,,,,,,,,,,,,,,,,,,,,,,,,,,,,,,,,,,,,,,,,,,,,,,,,,,,,,,,,,,,,,,,,,,,,,,,,,,,,,,,,,,,,,,,,,,,,,,,,,,,
2020-03-24T18:00:04+00:00,,,,,,,,,,,,,,,,,,,,,,,,,,,,400,400,,,,,,,923,,,116,92,,,,,,,,213,190,,,,,,,,,,,,85,104,,,176,17,151,,,,,16,,,,334,,,244,,,,,,,,,,,,,,,,,,,,,,,,,,,,,,,,,,,,,,,,,,,,,,,,,,,,,,,,,,,,,,,,,,,,,,,,,,,,,,,,,,,,,,,,,,,,,,,,,,,,,,,,,,,,,,,,,,,,,,,,,,,,,,,,,,,,,,,,,,,,,,,,,,,,,,,,,,,,,,,,,,,,,,,,,,,,,,,,,,,,,,,,,,,,,,,,,,,,,,,,,,,,,,,,,,,,,,,,,,,,,,,,,,,,,,,,,,,,,,,,,,,,,,,,,,,,,,,,,,,,,,,,,,,,,,,,,,,,,,,,,,,,,,,,,,,,,,,,,,,,,,,,,,,,,,,,,,
2020-03-24T18:00:05+00:00,,,,,,,,,,,,,,,,,,,,,,,,,,,,,,,,,,,,,,,,,,,,,,,,,,,,,,,,,,,,,,,,,,,,,,,,,,,,,,,,,,,204,362,204,135,244,94,57,350,439,310,261,,316,332,362,418,591,681,110,211,672,,,324,554,,,416,,,135,358,193,303,300,197,307,278,83,456,,143,268,,,268,61,,,,168,,236,309,,342,353,721,,500,529,144,695,300,265,,,,,,,,,,,,,,,,,,,,,,,,,,,,,,,,,,,,,,,,,,,,,,,,,,,,,,,,,,,,,,,,,,,,,,,,,,,,,,,,,,,,,,,,,,,,,,,,,,,,,,,,,,,,,,,,,,,,,,,,,,,,,,,,,,,,,,,,,,,,,,,,,,,,,,,,,,,,,,,,,,,,,,,,,,,,,,,,,,,,,,,,,,,,,,,,,,,,,,,,,,,,,,,,,,,,,,,,,,,,,,,,,,,,,,,,,,,,,,,,,,,,,,
2020-03-24T18:00:10+00:00,,,,,,,,,,,,,,,,,,,,,,,,,,,,,,,,,,,,,,,,,,,,,,,,,,,,,,,,,,,,,,,,,,,,,,,,,,,,,,,,,,,,,,,,,,,,,,,,,,,,,,,,,,,,,,,,,,,,,,,,,,,,,,,,,,,,,,,,,,,,,,,,,,,,,,,,,,,,,,,183,,179,203,,,476,,413,308,,,389,280,,,126,,,,1211,1586,113,,245,301,,,,,,,,,,,191,,,,,,,,,329,,,,,,,,,,,,,,,,,,,,,,,,,,,,,,,,355,389,,158,188,,,110,94,64,470,,,,,,,,,,,,,,,,,,,,,,,198,,,,,,415,,,,,,,,,,,,,,,,,101,,,,,21,327,54,,90,,,,,129,,,737,183,,,57,,,,,,205,,123,,,204,89,40,,426,,,,637,351,,,586,430,,,244,224,651,,,,,,,,,,,,,,,,,,,,,,,,,,,,,,,,,,,,,,,,,,,,,,,,,,,
2020-03-24T18:00:11+00:00,,,,,,,,,,,,,,,,,,,,,,,,,,,,,,,,,,,,,,,,,,,,,,,,,,,,,,,,,,,,,,,,,,,,,,,,,,,,,,,,,,,,,,,,,,,,,,,,,,,,,,,,,,,,,,,,,,,,,,,,,,,,,,,,,,,,,,,,,,,,,,,,,,,,,,,,,,,,,,,,,,,,,,,,,,,,,,,,,,,,,,,,,,,,,,,,,,,,,,,,,,,,,,,,,,,,,,,,,,,,,,,,,,,,,,,,,,,,,,,,,,,,,,,562,,,,,248,176,583,528,417,212,150,,491,373,218,512,,758,,452,73,,,,,,,,,,,,,,,,,,,,,,,,,,,,,,,,,,,,,,,,,,,,,,,,,,,,,,,,,,,,,,,,,,,,,,,,,,,,,,,,,,,,,,,,,,,,,,,,,,,,,,,,,,,,,,,,,236,309,,342,353,721,,500,529,144,695,265,300
2020-03-24T18:30:01+00:00,370,402,780,,276,310,235,308,89,,,,,454,,,,570,513,,,,317,558,,,,,,,,,,,,,,,,,,,,,,,,,,,,,,,,,,,,,,,,,,,,,,,,,,,,,,,,,,,,,,,,,,,,,,,,,,,,,,,,,,,,,,,,,,,,,,,,,,,,,,,,,,,,,,,,,,,,,,,,,,,,,,,,,,,,,,,,,,,,,,,,,,,,,,,,,,,,,,,,,,,,,,,,,,,,,,,,,,,,,,,,,,,,,,,,,,,,,,,,,,,,,,,,,,,,,,,,,,,,,,,,,,,,,,,,,,,,,,,,,,,,,,,,,,,,,,,,,,,,,,,,,,,,,,,,,,,,,,,,,,,,,,,,,,,,,,,,,,,,,,,,,,,,,,,,,,,,,,,,,,,,,,,,,,,,,,,,,,,,,,,,,,,,,,,,,,,,,,,,,,,,,,,,,
2020-03-24T18:30:02+00:00,,,,,,,,,,,,,,,,,,,,,,,,,,,,401,401,,,,,79,,931,,,120,,,,,88,,143,,214,193,,23,,,,,,259,48,,,84,105,,200,179,,152,360,,95,,18,,,,,,,245,214,,293,208,366,208,180,245,,,353,446,314,268,,319,334,366,,594,685,111,212,677,,98,333,557,,,418,,,140,356,198,307,301,199,305,279,81,462,,141,276,,,273,62,,,,167,,,,,343,355,,257,502,533,147,699,301,270,,,,,,,,,,,,,,,,,,,,,,,,,,,,,,,,,,,,,,,,,,,,,,,,,,,,,,,,,,,,,,,,,,,,,,,,,,,,,,,,,,,,,,,,,,,,,,,,,,,,,,,,,,,,,,,,,,,,,,,,,,,,,,,,,,,,,,,,,,,,,,,,,,,,,,,,,,,,,,,,,,,,,,,,,,,,,,,,,,,,,,,,,,,,,,,,,,,,,,,,,,,,,,,,,,,,,,,,,,,,,,,,,,,,,,,,,,,,,,,,,,,,,,
2020-03-24T18:30:05+00:00,,,,,,,,,,,,,,,,,,,,,,,,,,,,,,,,,,,,,,,,,,,,,,,,,,,,,,,,,,,,,,,,,,,,,,,,,,,,,,,,,,,,,,,,,,,,,,,,,,,,,,,,,,,,,,,,,,,,,,,,,,,,,,,,,,,,,,,,,,,,,,,,,,,,,,,,,,,,,,,187,,182,206,,,477,,412,313,,,,293,152,,140,,,,1222,1590,110,,246,302,,,,,,,,,,,192,,,,,,,,,330,,,,,,,,,,,,,,,,,,,,,,,,,,,,,,,,,,,,,,,,,,,,,,,,,,,,,,,,,,,,,,,,,199,,,,,125,418,,,,,,,,,,,,,,,,,102,,,,,,329,,,91,,,,,,,,,188,,,,,,,,,206,,122,,,206,90,38,,,398,,,,,,,,,,,,,,,,,,,,,,,,,,,,,,,,,,,,,,,,,,,,,,,,,,,,,,,,,,,,,,,,
2020-03-24T18:30:06+00:00,,,,,,,,,,,,,,,,,,,,,,,,,,,,,,,,,,,,,,,,,,,,,,,,,,,,,,,,,,,,,,,,,,,,,,,,,,,,,,,,,,,,,,,,,,,,,,,,,,,,,,,,,,,,,,,,,,,,,,,,,,,,,,,,,,,,,,,,,,,,,,,,,,,,,,,,,,,,,,,,,,,,,,,,,,,,,,,,,,,,,,,,,,,,,,,,,,,,,,,,,,,,,,,,,,,,,,,,,,,,,,,,,,,,,,,,,,,,,393,,,189,401,,,,65,472,,,,,,,,,,,,,,497,375,,,,741,,451,,,,,,,,,,,,,,,,,,,,,,,,,,,,,,,,,,,,,,,,,,,,,,,,,,,,,,,,,,,,,,,,,639,356,,245,588,435,,,,225,654,,,,,,,,,,,,,,,,,,,,,,,,,,,,,,,,,,,,,,,,,,343,355,,257,502,533,147,699,268,301
2020-03-24T19:00:01+00:00,373,404,,,,311,237,310,,,,,,,,,,,,,,,,,,,,,,,,,,,,,,,,,,,,,,,,,,,,,,,,,,,,,,,,,,,,,,,,,,,,,,,,,,,,,,,,,,,,,,,,,,,,,,,,,,,,,,,,,,,,,,,,,,,,,,,,,,,,,,,,,,,,,,,,,,,,,,,,,,,,,,,,,,,,,,,,,,,,,,,,,,,,,,,,,,,,,,,,,,,,,,,,,,,,,,,,,,,,,,,,,,,,,,,,,,,,,,,,,,,,,,,,,,,,,,,,,,,,,,,,,,,,,,,,,,,,,,,,,,,,,,,,,,,,,,,,,,,,,,,,,,,,,,,,,,,,,,,,,,,,,,,,,,,,,,,,,,,,,,,,,,,,,,,,,,,,,,,,,,,,,,,,,,,,,,,,,,,,,,,,,,,,,,,,,,,,,,,,,
2020-03-24T19:00:02+00:00,,,,,,,,,88,,,,,,,,,571,515,,,,,563,393,724,,,399,,,,,80,,933,,,118,,218,,,,,145,,215,194,,24,,,,116,,261,47,,,85,,,199,,16,153,359,,,,,,,,,,,,215,,,,,,,,,,,,,,,,,,,,,,,,,,,,,,,,,,,,,,,,,,,,,,,,,,,,,,,,,,,,,,,,,,,,,,,,,,,,,,,,,,,,,,,,,,,,,,,,,,,,,,,,,,,,,,,,,,,,,,,,,,,,,,,,,,,,,,,,,,,,,,,,,,,,,,,,,,,,,,,,,,,,,,,,,,,,,,,,,,,,,,,,,,,,,,,,,,,,,,,,,,,,,,,,,,,,,,,,,,,,,,,,,,,,,,,,,,,,,,,,,,,,,,,,,,,,,,,,,,,,,,,,,,,,,,,,,,,,,,,,,,,,,,,,,,,,,,,,,,,,,,,,,,,,,,,,,
2020-03-24T19:00:03+00:00,,,,,,,,,,,,,,,,,,,,,,,,,,,,,,,,,,,,,,,,,,,,,,,,,,,,,,,,,,,,,,,,,,,,,,,,,,,,,,,,,,,211,,210,,246,,,,444,316,267,,321,,,425,599,686,112,213,675,,,334,,,,,,,,355,200,308,302,198,308,280,82,466,,142,278,,,276,,,,,168,,,,,344,357,723,258,504,,,700,304,277,,,,,,,,,,,,,,,,,,,,,,,,,,,,,,,,,,,,,,,,,,,,,,,,,,,,,,,,,,,,,,,,,,,,,,,,,,,,,,,,,,,,,,,,,,,,,,,,,,,,,,,,,,,,,,,,,,,,,,,,,,,,,,,,,,,,,,,,,,,,,,,,,,,,,,,,,,,,,,,,,,,,,,,,,,,,,,,,,,,,,,,,,,,,,,,,,,,,,,,,,,,,,,,,,,,,,,,,,,,,,,,,,,,,,,,,,,,,,,,,,,,,,,
2020-03-24T19:00:07+00:00,,,,,,,,,,,,,,,,,,,,,,,,,,,,,,,,,,,,,,,,,,,,,,,,,,,,,,,,,,,,,,,,,,,,,,,,,,,,,,,,,,,,,,,,,,,,,,,,,,,,,,,,,,,,,,,,,,,,,,,,,,,,,,,,,,,,,,,,,,,,,,,,,,,,,,,,,,,,,,,189,,184,209,,,,,415,,153,,387,296,,,143,,,,1225,1594,111,,249,,,,,,,,,,,,196,,,,,,,,,,,,,,,,,,,,,,,,,,,,,,,,,,,,,,,,,357,395,,160,190,400,,112,,,,577,,,,,251,178,581,529,423,220,154,,,,,,,,,,,,,,,,,419,,,,,,,,,,,,,,,,,101,,,,,,,55,,,,,,,,,,,193,,,,,,,,,209,,123,,,,,35,,,,,,641,358,,242,590,,,,243,223,660,,,,,,,,,,,,,,,,,,,,,,,,,,,,,,,,,,,,,,,,,,,,,,,,,,,
2020-03-24T19:00:08+00:00,,,,,,,,,,,,,,,,,,,,,,,,,,,,,,,,,,,,,,,,,,,,,,,,,,,,,,,,,,,,,,,,,,,,,,,,,,,,,,,,,,,,,,,,,,,,,,,,,,,,,,,,,,,,,,,,,,,,,,,,,,,,,,,,,,,,,,,,,,,,,,,,,,,,,,,,,,,,,,,,,,,,,,,,,,,,,,,,,,,,,,,,,,,,,,,,,,,,,,,,,,,,,,,,,,,,,,,,,,,,,,,,,,,,,,,,,,,,,,,,,,,,,,,,,,,,,,,,,,,,508,376,,516,359,743,,453,,,,,,,,,,,,,,,,,,,,,,,,,,,,,,,,,,,,,,,,,,,,,,,,,,,,,,,,,,,,,,,,,,,,,,,,,,,,,,,,,,,,,,,,,,,,,,,,,,,,,,,,,,,,,,,,,,,,,344,356,722,258,503,,,700,277,304
2020-03-24T19:30:01+00:00,375,405,784,,,,,311,89,,,,,455,,,,572,517,,,,318,567,392,,,,400,,,,,79,,,,,117,,,,,,,,,,197,,,,,,115,,263,,,,,106,,198,183,15,158,,,,,,,,,,,,246,216,,,,,,,,,,,,,,,,,,,,,,,,,,,,,,,,,,,,,,,,,,,,,,,,,,,,,,,,,,,,,,,,,,,,,,,,,,,,,,,,,,,,,,,,,,,,,,,,,,,,,,,,,,,,,,,,,,,,,,,,,,,,,,,,,,,,,,,,,,,,,,,,,,,,,,,,,,,,,,,,,,,,,,,,,,,,,,,,,,,,,,,,,,,,,,,,,,,,,,,,,,,,,,,,,,,,,,,,,,,,,,,,,,,,,,,,,,,,,,,,,,,,,,,,,,,,,,,,,,,,,,,,,,,,,,,,,,,,,,,,,,,,,,,,,,,,,,,,,,,,,,,,,,,,,,,,,
2020-03-24T19:30:03+00:00,,,,,,,,,,,,,,,,,,,,,,,,,,,,,,,,,,,,,,,,,,,,,,,,,,,,,,,,,,,,,,,,,,,,,,,,,,,,,,,,,,,215,,,,,,56,354,445,319,264,,322,335,369,426,601,687,,,677,,,333,,,,,,,,358,202,,,,305,283,83,464,,143,281,,,277,,,,,166,,238,,,345,361,724,259,505,,149,,305,274,,,,,,,,,,,,,,,,,,,,,,,,,,,,,,,,,,,,,,,,,,,,,,,,,,,,,,,,,,,,,,,,,,,,,,,,,,,,,,,,,,,,,,,,,,,,,,,,,,,,,,,,,,,,,,,,,,,,,,,,,,,,,,,,,,,,,,,,,,,,,,,,,,,,,,,,,,,,,,,,,,,,,,,,,,,,,,,,,,,,,,,,,,,,,,,,,,,,,,,,,,,,,,,,,,,,,,,,,,,,,,,,,,,,,,,,,,,,,,,,,,,,,,
2020-03-24T19:30:05+00:00,,,,,,,,,,,,,,,,,,,,,,,,,,,,,,,,,,,,,,,,,,,,,,,,,,,,,,,,,,,,,,,,,,,,,,,,,,,,,,,,,,,,,,,,,,,,,,,,,,,,,,,,,,,,,,,,,,,,,,,,,,,,,,,,,,,,,,,,,,,,,,,,,,,,,,,,,,,,,,,,,187,212,,,,,419,316,155,,388,300,,,144,,,,1235,1595,112,,,303,,,,,,,,,,,198,,,,,,,,,,,,,,,,,,,,,,,,,,,,,,,,,,,,,,,,,,,,,,,,,,,,,,,,,,,,,,,,,,,,,,,,,,,,,,,,420,,,,,,,,,,,,,,,,,99,,,,,22,,,,,,,,,128,,,736,198,,,,,,,,,,,,,,,88,32,,,399,,,,,,,,,,,,,,,,,,,,,,,,,,,,,,,,,,,,,,,,,,,,,,,,,,,,,,,,,,,,,,,,
2020-03-24T19:30:06+00:00,,,,,,,,,,,,,,,,,,,,,,,,,,,,,,,,,,,,,,,,,,,,,,,,,,,,,,,,,,,,,,,,,,,,,,,,,,,,,,,,,,,,,,,,,,,,,,,,,,,,,,,,,,,,,,,,,,,,,,,,,,,,,,,,,,,,,,,,,,,,,,,,,,,,,,,,,,,,,,,,,,,,,,,,,,,,,,,,,,,,,,,,,,,,,,,,,,,,,,,,,,,,,,,,,,,,,,,,,,,,,,,,,,,,,,,,,,,,,,,,,,,,,66,473,0,,,,,,,575,,,221,,,515,378,,517,360,747,,457,,,,,,,,,,,,,,,,,,,,,,,,,,,,,,,,,,,,,,,,,,,,,,,,,,,,,,,,,,,,,,,,,642,360,,,,439,,,,,662,,,,,,,,,,,,,,,,,,,,,,,,,,,,,,,,,,,,,,,238,,,345,361,724,259,505,,149,,274,305
2020-03-24T20:00:01+00:00,377,407,,,277,,,310,88,,,,,,,,,,,,,,,571,391,,,,,,,,,,,,,,,,,,,,,,,,,,,,,,,,,,,,,,,,,,,,,,,,,,,,,,,,,,,,,,,,,,,,,,,,,,,,,,,,,,,,,,,,,,,,,,,,,,,,,,,,,,,,,,,,,,,,,,,,,,,,,,,,,,,,,,,,,,,,,,,,,,,,,,,,,,,,,,,,,,,,,,,,,,,,,,,,,,,,,,,,,,,,,,,,,,,,,,,,,,,,,,,,,,,,,,,,,,,,,,,,,,,,,,,,,,,,,,,,,,,,,,,,,,,,,,,,,,,,,,,,,,,,,,,,,,,,,,,,,,,,,,,,,,,,,,,,,,,,,,,,,,,,,,,,,,,,,,,,,,,,,,,,,,,,,,,,,,,,,,,,,,,,,,,,,,,,,,,,,,,,,,,,
2020-03-24T20:00:02+00:00,,,,,,,,,,,,,,,,,,,,,,,,,,,,400,,,,,,77,,935,,,,,,,,,,,,,201,,,,,,117,,,48,,,,104,8,200,184,,160,,,,43,,,,,,,,,217,,,,,,,,,,,,,,,,,,,,,,,,,,,,,,,,,,,,,,,,,,,,,,,,,,,,,,,,,,,,,,,,,,,,,,,,,,,,,,,,,,,,,,,,,,,,,,,,,,,,,,,,,,,,,,,,,,,,,,,,,,,,,,,,,,,,,,,,,,,,,,,,,,,,,,,,,,,,,,,,,,,,,,,,,,,,,,,,,,,,,,,,,,,,,,,,,,,,,,,,,,,,,,,,,,,,,,,,,,,,,,,,,,,,,,,,,,,,,,,,,,,,,,,,,,,,,,,,,,,,,,,,,,,,,,,,,,,,,,,,,,,,,,,,,,,,,,,,,,,,,,,,,,,,,,,,,
2020-03-24T20:00:04+00:00,,,,,,,,,,,,,,,,,,,,,,,,,,,,,,,,,,,,,,,,,,,,,,,,,,,,,,,,,,,,,,,,,,,,,,,,,,,,,,,,,,,214,,209,,,,57,360,443,320,,,323,336,,428,,,,,,,,337,,,,419,,,,,205,,,,309,284,82,463,,144,285,,,,,,,,,,,,,,365,,257,508,,,,,275,,,,,,,,,,,,,,,,,,,,,,,,,,,,,,,,,,,,,,,,,,,,,,,,,,,,,,,,,,,,,,,,,,,,,,,,,,,,,,,,,,,,,,,,,,,,,,,,,,,,,,,,,,,,,,,,,,,,,,,,,,,,,,,,,,,,,,,,,,,,,,,,,,,,,,,,,,,,,,,,,,,,,,,,,,,,,,,,,,,,,,,,,,,,,,,,,,,,,,,,,,,,,,,,,,,,,,,,,,,,,,,,,,,,,,,,,,,,,,,,,,,,,,
2020-03-24T20:00:07+00:00,,,,,,,,,,,,,,,,,,,,,,,,,,,,,,,,,,,,,,,,,,,,,,,,,,,,,,,,,,,,,,,,,,,,,,,,,,,,,,,,,,,,,,,,,,,,,,,,,,,,,,,,,,,,,,,,,,,,,,,,,,,,,,,,,,,,,,,,,,,,,,,,,,,,,,,,,,,,,,,,,,211,,,,,,317,,,387,298,,,,,,,1239,,110,,,,,,,,,,,,,,,,,,,,,,,,,,,,,,,,,,,,,,,,,,,,,,,,,,,,,,,,,,,,,,,,,,,,,,,,,,,,,,,,,,,,,,,,200,,,,,,,,,,,,,,,,,,,,,,,98,,,,,,,,,,,,,,129,,,,201,,,,,,,,,,,,,,204,,29,,,,,,643,361,,241,,,,,,222,,,,,,,,,,,,,,,,,,,,,,,,,,,,,,,,,,,,,,,,,,,,,,,,,,,,
2020-03-24T20:00:08+00:00,,,,,,,,,,,,,,,,,,,,,,,,,,,,,,,,,,,,,,,,,,,,,,,,,,,,,,,,,,,,,,,,,,,,,,,,,,,,,,,,,,,,,,,,,,,,,,,,,,,,,,,,,,,,,,,,,,,,,,,,,,,,,,,,,,,,,,,,,,,,,,,,,,,,,,,,,,,,,,,,,,,,,,,,,,,,,,,,,,,,,,,,,,,,,,,,,,,,,,,,,,,,,,,,,,,,,,,,,,,,,,,,,,,,,,,,,,,,,398,,161,,399,,,,,474,,,,,,0,0,574,0,424,218,156,,,379,219,,359,748,,455,,,,,,,,,,,,,,,,,,,,,,,,,,,,,,,,,,,,,,,,,,,,,,,,,,,,,,,,,,,,,,,,,,,,,,,,,,,,,,,,,,,,,,,,,,,,,,,,,,,,,,,,,,,,,,,,,,,,,,365,,257,508,,,,275,
2020-03-24T20:30:01+00:00,379,,786,,,,,,86,,,,,456,,,,,,,,,,,,,,,,,,,,,,,,,,,,,,,,,,,,,,,,,,,,,,,,,,,,,,,,,,,,,,,,,,,,,,,,,,,,,,,,,,,,,,,,,,,,,,,,,,,,,,,,,,,,,,,,,,,,,,,,,,,,,,,,,,,,,,,,,,,,,,,,,,,,,,,,,,,,,,,,,,,,,,,,,,,,,,,,,,,,,,,,,,,,,,,,,,,,,,,,,,,,,,,,,,,,,,,,,,,,,,,,,,,,,,,,,,,,,,,,,,,,,,,,,,,,,,,,,,,,,,,,,,,,,,,,,,,,,,,,,,,,,,,,,,,,,,,,,,,,,,,,,,,,,,,,,,,,,,,,,,,,,,,,,,,,,,,,,,,,,,,,,,,,,,,,,,,,,,,,,,,,,,,,,,,,,,,,,,,
2020-03-24T20:30:02+00:00,,,,,,,,,,,,,,,,,,,,,,,,,,,,403,,,,,,,,,,,118,,,,,,,,,,207,,,,,,,,,,,,84,106,,199,183,,162,,,,,,,,,,,,,,,,,365,,,,,,364,444,,262,,324,,,,604,689,113,,678,,,,,,,420,,,,,206,,,,307,,83,466,,,,,,279,,,,,,,,,,,367,725,256,,,148,,,278,,,,,,,,,,,,,,,,,,,,,,,,,,,,,,,,,,,,,,,,,,,,,,,,,,,,,,,,,,,,,,,,,,,,,,,,,,,,,,,,,,,,,,,,,,,,,,,,,,,,,,,,,,,,,,,,,,,,,,,,,,,,,,,,,,,,,,,,,,,,,,,,,,,,,,,,,,,,,,,,,,,,,,,,,,,,,,,,,,,,,,,,,,,,,,,,,,,,,,,,,,,,,,,,,,,,,,,,,,,,,,,,,,,,,,,,,,,,,,,,,,,,,,
2020-03-24T20:30:05+00:00,,,,,,,,,,,,,,,,,,,,,,,,,,,,,,,,,,,,,,,,,,,,,,,,,,,,,,,,,,,,,,,,,,,,,,,,,,,,,,,,,,,,,,,,,,,,,,,,,,,,,,,,,,,,,,,,,,,,,,,,,,,,,,,,,,,,,,,,,,,,,,,,,,,,,,,,,,,,,,,188,,,,,,,,,318,154,,388,297,153,,,,,,1241,,109,,,,,,,,,,,,,,,,,,,,,,,,,,,,,,,,,,,,,,,,,,,,,,,,,,,,,,,,,,,,,,,,,,,,,,,,,,,,,,,,,,,,,,,,,,,,,,,,,,,,,,,,,,,,,,,,,,,,,,,,,,,,,,,,,,,,,,,,,,,,,,,,,,,,,,,,,,,,,,,,,,,,,,,,,,,,,,,,,,,,,,,,,,,,,,,,,,,,,,,,,,,,,,,,,,,,
2020-03-24T20:30:06+00:00,,,,,,,,,,,,,,,,,,,,,,,,,,,,,,,,,,,,,,,,,,,,,,,,,,,,,,,,,,,,,,,,,,,,,,,,,,,,,,,,,,,,,,,,,,,,,,,,,,,,,,,,,,,,,,,,,,,,,,,,,,,,,,,,,,,,,,,,,,,,,,,,,,,,,,,,,,,,,,,,,,,,,,,,,,,,,,,,,,,,,,,,,,,,,,,,,,,,,,,,,,,,,,,,,,,,,,,,,,,,,,,,,,,,,,,,,,,,,399,,162,,401,,,,,477,,,,,,,,,,,,,,518,0,,519,,,,,,,,,,,,,,,,,,,,,,,,,,,,,97,,,,,,,53,,,,,,,130,,,735,,,,,,,,,,208,,124,,,203,89,27,36,428,400,,,644,,,242,,436,,,,223,,,,,,,,,,,,,,,,,,,,,,,,,,,,,,,,,,,,,,,,,,,,,,,,,,,,
2020-03-24T20:30:07+00:00,,,,,,,,,,,,,,,,,,,,,,,,,,,,,,,,,,,,,,,,,,,,,,,,,,,,,,,,,,,,,,,,,,,,,,,,,,,,,,,,,,,,,,,,,,,,,,,,,,,,,,,,,,,,,,,,,,,,,,,,,,,,,,,,,,,,,,,,,,,,,,,,,,,,,,,,,,,,,,,,,,,,,,,,,,,,,,,,,,,,,,,,,,,,,,,,,,,,,,,,,,,,,,,,,,,,,,,,,,,,,,,,,,,,,,,,,,,,,,,,,,,,,,,,,,,,,,,,,,,,,,,,,,,,,,,,,,,,,,,,,,,,,,,,,,,,,,,,,,,,,,,,,,,,,,,,,,,,,,,,,,,,,,,,,,,,,,,,,,,,,,,,,,,,,,,,,,,,,,,,,,,,,,,,,,,,,,,,,,,,,,,,,367,725,256,,,148,,277,
2020-03-24T21:00:01+00:00,378,,784,,278,,,,84,,,,,455,,,,571,518,,,254,,574,,,,402,,,,,,76,,936,,,,,,,,,,,,,,,,,,,,,,,,,,105,,,182,,165,,,,44,,,,,,,,,,,,,,,,,,,,,,,,,,,,,,,,,,,,,,,,,,,,,,,,,,,,,,,,,,,,,,,,,,,,,,,,,,,,,,,,,,,,,,,,,,,,,,,,,,,,,,,,,,,,,,,,,,,,,,,,,,,,,,,,,,,,,,,,,,,,,,,,,,,,,,,,,,,,,,,,,,,,,,,,,,,,,,,,,,,,,,,,,,,,,,,,,,,,,,,,,,,,,,,,,,,,,,,,,,,,,,,,,,,,,,,,,,,,,,,,,,,,,,,,,,,,,,,,,,,,,,,,,,,,,,,,,,,,,,,,,,,,,,,,,,,,,,,,,,,,,,,,,,,,,,,,,,,,,,,,,,
2020-03-24T21:00:03+00:00,,,,,,,,,,,,,,,,,,,,,,,,,,,,,,,,,,,,,,,,,,,,,,,,,,,,,,,,,,,,,,,,,,,,,,,,,,,,,,,,,,,217,366,,,247,95,,,,,263,,,,,430,605,,,214,,,,338,,,,,,,139,357,204,,,,308,,84,474,,,,,,,63,,,,,,,,,,,726,,,,,,,280,,,,,,,,,,,,,,,,,,,,,,,,,,,,,,,,,,,,,,,,,,,,,,,,,,,,,,,,,,,,,,,,,,,,,,,,,,,,,,,,,,,,,,,,,,,,,,,,,,,,,,,,,,,,,,,,,,,,,,,,,,,,,,,,,,,,,,,,,,,,,,,,,,,,,,,,,,,,,,,,,,,,,,,,,,,,,,,,,,,,,,,,,,,,,,,,,,,,,,,,,,,,,,,,,,,,,,,,,,,,,,,,,,,,,,,,,,,,,,,,,,,,,,
2020-03-24T21:00:05+00:00,,,,,,,,,,,,,,,,,,,,,,,,,,,,,,,,,,,,,,,,,,,,,,,,,,,,,,,,,,,,,,,,,,,,,,,,,,,,,,,,,,,,,,,,,,,,,,,,,,,,,,,,,,,,,,,,,,,,,,,,,,,,,,,,,,,,,,,,,,,,,,,,,,,,,,,,,,,,,,,189,,188,,,,,,418,,155,,389,,,,,,,,1242,1593,108,,,,,,,,,,,,,,,,,,,,,,,,,,,,,,,,,,,,,,,,,,,,,,,,,,,,,,,,,,,,,,,,,,,,,,,,,,,,,,,,,,,,,,,,,,,,,,,,,,,,,,,,,,,,,,,,,,,,,,54,,,,,,,,,,736,,,,,,,,,,,,,,,,,24,,,,,,,,,,,,,,,,,,,,,,,,,,,,,,,,,,,,,,,,,,,,,,,,,,,,,,,,,,,,,,,,,,,
2020-03-24T21:00:06+00:00,,,,,,,,,,,,,,,,,,,,,,,,,,,,,,,,,,,,,,,,,,,,,,,,,,,,,,,,,,,,,,,,,,,,,,,,,,,,,,,,,,,,,,,,,,,,,,,,,,,,,,,,,,,,,,,,,,,,,,,,,,,,,,,,,,,,,,,,,,,,,,,,,,,,,,,,,,,,,,,,,,,,,,,,,,,,,,,,,,,,,,,,,,,,,,,,,,,,,,,,,,,,,,,,,,,,,,,,,,,,,,,,,,,,,,,,,,,,,,,163,,,,,,,,,,,,,,,572,,,217,,,517,,,518,358,749,,453,,,,,,,,,,,,,,,,,,,,,,,,,,,,,,,,,,,,,,,,,,,,,,,,,,,,,,,,,,,,,,,,,,,,,,,,,,224,664,,,,,,,,,,,,,,,,,,,,,,,,,,,,,,,,,,,,,,,,,,,,726,,,,,,280,
2020-03-24T21:30:01+00:00,379,,786,,,,,,83,,,,,,,,,573,,,,,,,,,,,,,,,,78,,,68,,,,,,,89,,,,,,,,,,,,,,,,,83,106,,197,183,,,,234,,,,,,,,,,,218,,,,,,,,,,,,,,,,,,,,,,,,,,,,,,,,,,,,,,,,,,,,,,,,,,,,,,,,,,,,,,,,,,,,,,,,,,,,,,,,,,,,,,,,,,,,,,,,,,,,,,,,,,,,,,,,,,,,,,,,,,,,,,,,,,,,,,,,,,,,,,,,,,,,,,,,,,,,,,,,,,,,,,,,,,,,,,,,,,,,,,,,,,,,,,,,,,,,,,,,,,,,,,,,,,,,,,,,,,,,,,,,,,,,,,,,,,,,,,,,,,,,,,,,,,,,,,,,,,,,,,,,,,,,,,,,,,,,,,,,,,,,,,,,,,,,,,,,,,,,,,,,,,,,,,,,,
2020-03-24T21:30:02+00:00,,,,,,,,,,,,,,,,,,,,,,,,,,,,,,,,,,,,,,,,,,,,,,,,,,,,,,,,,,,,,,,,,,,,,,,,,,,,,,,,,,,215,,,,,,,,446,,,,,337,,431,,690,,,,,,337,556,,,,,,138,,202,,,204,306,,,479,,,,,,,,,,,167,,,,,,,727,,509,,,,,281,,,,,,,,,,,,,,,,,,,,,,,,,,,,,,,,,,,,,,,,,,,,,,,,,,,,,,,,,,,,,,,,,,,,,,,,,,,,,,,,,,,,,,,,,,,,,,,,,,,,,,,,,,,,,,,,,,,,,,,,,,,,,,,,,,,,,,,,,,,,,,,,,,,,,,,,,,,,,,,,,,,,,,,,,,,,,,,,,,,,,,,,,,,,,,,,,,,,,,,,,,,,,,,,,,,,,,,,,,,,,,,,,,,,,,,,,,,,,,,,,,,,,,
2020-03-24T21:30:04+00:00,,,,,,,,,,,,,,,,,,,,,,,,,,,,,,,,,,,,,,,,,,,,,,,,,,,,,,,,,,,,,,,,,,,,,,,,,,,,,,,,,,,,,,,,,,,,,,,,,,,,,,,,,,,,,,,,,,,,,,,,,,,,,,,,,,,,,,,,,,,,,,,,,,,,,,,,,,,,,,,,,189,,,,,,419,,,,,296,,,,,,,,1591,110,,250,,,,,,,,,,,,,,,,,,,,,,,,,,,,,,,,,,,,,,,,,,,,,,,,,,,,,,,,,,,,,,,,,,,,,,,,,,,,,,,,,,,,,,,,,,,,,,,,,,,,,,,,,,,,,,,,,,,,,,,,,,,,,,,,,,,,,,,,,,,,,,,,,,,,,,,,,,,,,,,,,,,,,,,,,,,,,,,,,,,,,,,,,,,,,,,,,,,,,,,,,,,,,,,,,,
2020-03-24T21:30:05+00:00,,,,,,,,,,,,,,,,,,,,,,,,,,,,,,,,,,,,,,,,,,,,,,,,,,,,,,,,,,,,,,,,,,,,,,,,,,,,,,,,,,,,,,,,,,,,,,,,,,,,,,,,,,,,,,,,,,,,,,,,,,,,,,,,,,,,,,,,,,,,,,,,,,,,,,,,,,,,,,,,,,,,,,,,,,,,,,,,,,,,,,,,,,,,,,,,,,,,,,,,,,,,,,,,,,,,,,,,,,,,,,,,,,,,,,,,,,,,,,,,,,,,,,,,,,,,,,,,,,,,,,218,519,,748,,,,,,,,,,,,,,,,,,,,,,,,,,,,,,,,,,,,,,,,,,,,,,,,,,,,,,,,,,,,,,,,,,,,,,,,435,,,,225,665,,,,,,,,,,,,,,,,,,,,,,,,,,,,,,,,,,,,,,,,,,,,,,,,,,,
2020-03-24T22:00:01+00:00,378,,785,,,,,,85,,,,,,,,,,,,,,,576,,,,,,,,,,,,,,,,,,,,,,,,,,,,,,,,,,,,,,,,,,,,,,,,,,,,,,,,,,,,,,,,,,,,,,,,,,,,,,,,,,,,,,,,,,,,,,,,,,,,,,,,,,,,,,,,,,,,,,,,,,,,,,,,,,,,,,,,,,,,,,,,,,,,,,,,,,,,,,,,,,,,,,,,,,,,,,,,,,,,,,,,,,,,,,,,,,,,,,,,,,,,,,,,,,,,,,,,,,,,,,,,,,,,,,,,,,,,,,,,,,,,,,,,,,,,,,,,,,,,,,,,,,,,,,,,,,,,,,,,,,,,,,,,,,,,,,,,,,,,,,,,,,,,,,,,,,,,,,,,,,,,,,,,,,,,,,,,,,,,,,,,,,,,,,,,,,,,,,,,,,,,,,,,,
2020-03-24T22:00:02+00:00,,,,,,,,,,,,,,,,,,,,,,,,,,,,,,,,,,77,,937,,,116,,,,,,,,,,209,,,,,,,,,,,,,107,,193,,,166,,,,,,,,,,,,,,,,,,,,,,,,,,,,,,,,,,,,,,,,,,,,,,,,,,,,,,,,,,,,,,,,,,,,,,,,,,,,,,,,,,,,,,,,,,,,,,,,,,,,,,,,,,,,,,,,,,,,,,,,,,,,,,,,,,,,,,,,,,,,,,,,,,,,,,,,,,,,,,,,,,,,,,,,,,,,,,,,,,,,,,,,,,,,,,,,,,,,,,,,,,,,,,,,,,,,,,,,,,,,,,,,,,,,,,,,,,,,,,,,,,,,,,,,,,,,,,,,,,,,,,,,,,,,,,,,,,,,,,,,,,,,,,,,,,,,,,,,,,,,,,,,,,,,,,,,,,,,,,,,,,,,,,
2020-03-24T22:00:04+00:00,,,,,,,,,,,,,,,,,,,,,,,,,,,,,,,,,,,,,,,,,,,,,,,,,,,,,,,,,,,,,,,,,,,,,,,,,,,,,,,,,,,,,,,,,,,,,,,,,,,606,691,,,679,,,336,,,,,,,,356,201,307,,,307,,86,,,,,,,,,,,,,,,,,,,,,,,,,,,,,,,,,,,,,,,,,,,,,,,,,,,,,,,,,,,,,,,,,,,,,,,,,,,,,,,,,,,,,,,,,,,,,,,,,,,,,,,,,,,,,,,,,,,,,,,,,,,,,,,,,,,,,,,,,,,,,,,,,,,,,,,,,,,,,,,,,,,,,,,,,,,,,,,,,,,,,,,,,,,,,,,,,,,,,,,,,,,,,,,,,,,,,,,,,,,,,,,,,,,,,,,,,,,,,,,,,,,,,,,,,,,,,,,,,,,,,,,,,,,,,,,,
2020-03-24T22:00:07+00:00,,,,,,,,,,,,,,,,,,,,,,,,,,,,,,,,,,,,,,,,,,,,,,,,,,,,,,,,,,,,,,,,,,,,,,,,,,,,,,,,,,,,,,,,,,,,,,,,,,,,,,,,,,,,,,,,,,,,,,,,,,,,,,,,,,,,,,,,,,,,,,,,,,,,,,,,,,,,,,,190,,,,,,,,,319,154,,,298,155,,,,,,1245,1589,109,,263,,,,,,,,,,,,,,,,,,,,,,,,,,,,,,,,,,,,,,,,,,,,,,,,,,,,,,,,,,,,,,,,,,,,,,,,,,,,,,,,,,,,,,,,,,,,,,,,,,,,,,,,,,,,,,,,,,,,,,,,,,,,,,,,,,,,,,,,,,,,,,,,,,,,,643,,,,,,,,,,,,,,,,,,,,,,,,,,,,,,,,,,,,,,,,,,,,,,,,,,,,,,,,,,,,,
2020-03-24T22:00:08+00:00,,,,,,,,,,,,,,,,,,,,,,,,,,,,,,,,,,,,,,,,,,,,,,,,,,,,,,,,,,,,,,,,,,,,,,,,,,,,,,,,,,,,,,,,,,,,,,,,,,,,,,,,,,,,,,,,,,,,,,,,,,,,,,,,,,,,,,,,,,,,,,,,,,,,,,,,,,,,,,,,,,,,,,,,,,,,,,,,,,,,,,,,,,,,,,,,,,,,,,,,,,,,,,,,,,,,,,,,,,,,,,,,,,,,,,,,,,,,,398,,,,,,,,,,,,,,,,,,,,,,,,,,,,749,,,,,,,,,,,,,,,,,,,,,,,,,,,,,,,,,,,,,,,,,,,,,,,,,,,,,,,,,,,,,,,,,,,,,,,,,,,,,,,,,,,,,,,,,,,,,,,,,,,,,,,,,,,,,,,,,,,,,,,,,,,,,,,,
2020-03-24T22:30:01+00:00,379,,,,,,,309,84,,,,,,,,,,519,,,255,,,,,,,,,,,,,,,,,,,,,,,,,,,,,,,,,,,,,,,,,,,,,,,,,,,,,,,,,,,,,,,,,,,,,,,,,,,,,,,,,,,,,,,,,,,,,,,,,,,,,,,,,,,,,,,,,,,,,,,,,,,,,,,,,,,,,,,,,,,,,,,,,,,,,,,,,,,,,,,,,,,,,,,,,,,,,,,,,,,,,,,,,,,,,,,,,,,,,,,,,,,,,,,,,,,,,,,,,,,,,,,,,,,,,,,,,,,,,,,,,,,,,,,,,,,,,,,,,,,,,,,,,,,,,,,,,,,,,,,,,,,,,,,,,,,,,,,,,,,,,,,,,,,,,,,,,,,,,,,,,,,,,,,,,,,,,,,,,,,,,,,,,,,,,,,,,,,,,,,,,,,,,,,,,,,
2020-03-24T22:30:05+00:00,,,,,,,,,,,,,,,,,,,,,,,,,,,,,,,,,,76,,,,,115,,,,,90,,,,,,,,,,,,,,,,,,,,,,,,269,,96,,,,,,,,,,,,,,,,,,,,,,,,,,,,,,,,,,,,,,,,,,,,,,,,,,,,,,,,,,,,,,,,,,,,,,,,,,,,,,,,,,,,,,,,,,,,,,,,,,,,,,,,,,,,,,,,,,,,,,,,,,,,,,,,,,,,,,,,,,,,,,,,,,,,,,,,,,,,,,,,,,,,,,,,,,,,,,,,,,,,,,,,,,,,,,,,,,,,,,,,,,,,,,,,,,,,,,,,,,,,,,,,,,,,,,,,,,,,,,,,,,,,,,,,,,,,,,,,,,,,,,,,,,,,,,,,,,,,,,,,,,,,,,,,,,,,,,,,,,,,,,,,,,,,,,,,,,,,,,,,,,,
2020-03-24T22:30:07+00:00,,,,,,,,,,,,,,,,,,,,,,,,,,,,,,,,,,,,,,,,,,,,,,,,,,,,,,,,,,,,,,,,,,,,,,,,,,,,,,,,,,,,,,,,,,365,,,,,,,,,605,,,,,,,337,,,,,,,139,,200,,,,308,285,,,,,284,,,,,,,,,,,,,,,726,,,,,,,,,,,,,,,,,,,,,,,,,,,,,,,,,,,,,,,,,,,,,,,,,,,,,,,,,,,,,,,,,,,,,,,,,,,,,,,,,,,,,,,,,,,,,,,,,,,,,,,,,,,,,,,,,,,,,,,,,,,,,,,,,,,,,,,,,,,,,,,,,,,,,,,,,,,,,,,,,,,,,,,,,,,,,,,,,,,,,,,,,,,,,,,,,,,,,,,,,,,,,,,,,,,,,,,,,,,,,,,,,,,,,,,,,,,,,,,,,,,,,,,,,,,,,
2020-03-24T22:30:10+00:00,,,,,,,,,,,,,,,,,,,,,,,,,,,,,,,,,,,,,,,,,,,,,,,,,,,,,,,,,,,,,,,,,,,,,,,,,,,,,,,,,,,,,,,,,,,,,,,,,,,,,,,,,,,,,,,,,,,,,,,,,,,,,,,,,,,,,,,,,,,,,,,,,,,,,,,,,,,,,,,,,,,,,,,420,,155,,,,,,,,,,1246,,110,,264,,,,,,,,,,,,,,,,,,,,,,,,,,,,,,,,,,,,,,,,,,,,,,,,,,,,,,399,,,,,,,,,,0,,,,,0,0,572,0,424,220,156,,,,,,,,,,,,,,,,,,,,,,,,,,,,,,,,,,,,,,,,,,,,,,,,,,,,,,,,,,,,,,,,,,,,,,,,,,,,,,,,,,,,,,,,,,,,,,,,,,,,,,,,,,,,,,,,,,,,,,,,,,,,,,,,,,,,,,,
2020-03-24T22:30:11+00:00,,,,,,,,,,,,,,,,,,,,,,,,,,,,,,,,,,,,,,,,,,,,,,,,,,,,,,,,,,,,,,,,,,,,,,,,,,,,,,,,,,,,,,,,,,,,,,,,,,,,,,,,,,,,,,,,,,,,,,,,,,,,,,,,,,,,,,,,,,,,,,,,,,,,,,,,,,,,,,,,,,,,,,,,,,,,,,,,,,,,,,,,,,,,,,,,,,,,,,,,,,,,,,,,,,,,,,,,,,,,,,,,,,,,,,,,,,,,,,,,,,,,,,,,,,,,,,,,,,,,,,,,359,750,,,,,,,,,,,,,,,,,,,,,,,,,,,,,,,,,,,,,,,,,,,,,,,,,,,,,,,,,,,,,,,,,,,,,,,,,,,,,,,,,,,,,,,,,,,,,,,,,,,,,,,,,,,,,,,,,,,,,,,,,,,,,,,,
2020-03-24T22:52:33+00:00,,,,,,,,,,,,,,,,,,,,,,,,,392,,,,,,,,,,,,,,,,,,,89,,,,,207,48,,,,,,,,,,,,108,,,,,,,,,,,,,,,,,,,,,,,,,,,,,,,,,,,,,,,,,,,,,,,,,,,,,,,,,,,,,,,,,,,,,,,,,,,,,,,,,,,,,,,,,,,,,,,,,,,,,,,,,,,,,,,,,,,,,,,,,,,,,,,,,,,,,,,,,,,,,,,,,,,,,,,,,,,,,,,,,,,,,,,,,,,,,,,,,,,,,,,,,,,,,,,,,,,,,,,,,,,,,,,,,,,,,,,,,,,,,,,,,,,,,,,,,,,,,,,,,,,,,,,,,,,,,,,,,,,,,,,,,,,,,,,,,,,,,,,,,,,,,,,771,,,,291,262,205,,,,,,,,,,,,,2195,,,,,,,,4,,,,,,,,,,,,,,,,,
2020-03-24T22:52:35+00:00,,,,,,,,,,,,,,,,,,,,,,,,,,,,,,,,,,,,,,,,,,,,,,,,,,,,,,,,,,,,,,,,,,,,,,,,,,,,,,,,,,,,,,,,,,366,,321,,,323,,,,606,,,,,,,335,,,,,,,,,,,,,,288,,,,,,,,,,,,,,,,,,,,,,,,,,,,,,,,,,,,,,,,,,,,,,,,,,,,,,,,,,,,,,,,,,,,,,,,,,,,,,,,,,,,,,,,,,,,,,,,,,,,,,,,,,,,,,,,,,,,,,,,,,,,,,,,,,,,,,,,,,,,,,,,,,,,,,,,,,,,,,,,,,,,,,,,,,,,,,,,,,,,,,,,,,,,,,,,,,,,,,,,,,,,,,,,,,,,,,,,,,,,,,,,,,,,,,,,,,,,,,,,,,,,,,,,,,,,,,,,,,,,,,,,,,,,,,,,,
2020-03-24T22:52:38+00:00,,,,,,,,,,,,,,,,,,,,,,,,,,,,,,,,,,,,,,,,,,,,,,,,,,,,,,,,,,,,,,,,,,,,,,,,,,,,,,,,,,,,,,,,,,,,,,,,,,,,,,,,,,,,,,,,,,,,,,,,,,,,,,,,,,,,,,,,,,,,,,,,,,,,262,849,242,236,527,149,171,179,251,239,239,,,,,,,,,,,,,,,,,,,,,,,,,,,,,,,,,,,,,,,,,,,,,,,,,,,,,,,,,,,,,,,,,,,,,,,,,,,,,,,,,,,,,,,,,,,,,,,,,,,,,,,,,,,,,,,,,,,,,,,,,,,,,,,,,,,,,,,,,,,,,,,,,,,,,,,,,,,,,,,,,,,,,,,,,,,,,,,,,,,,,,,,,,,,,,,,,,,,,,,,,,,,,,,,,,,,,,,,,,,,,,,,,,,,,,,,,,,
2020-03-24T22:52:39+00:00,,,,,,,,,,,,,,,,,,,,,,,,,,,,,,,,,,,,,,,,,,,,,,,,,,,,,,,,,,,,,,,,,,,,,,,,,,,,,,,,,,,,,,,,,,,,,,,,,,,,,,,,,,,,,,,,,,,,,,,,,,,,,,,,,,,,,,,,,,,,,,,,,,,,,,,,,,,,,,,,,,,,,,,,,,,,,,,,,,,,1590,109,,,,,,,,,,,,,,,,,,,,,,,,,,,,,,,,,,,,,,,,,,,,,,,,,,,,,,,,,,,,,,,,,,,,,,,,,,,,,,,,,,,,,,,,,,,,,,,,,,,,,,,,,,,,,,,,,,,,,,,,,,,,,,,,,,,,,,,,,,,,,,,,,,,,,,,,,,,,,,,,,,,,,,,,,,,,,,,,,,,,,,,,,,,,,,,,,,,,,,,,,,,,,,,,,,,,
2020-03-24T22:52:41+00:00,,,,,,,,,,,,,,,,,,,,,,,,,,,,,,,,,,,,,,,,,,,,,,,,,,,,,,,,,,,,,,,,,,,,,,,,,,,,,,,,,,,,,,,,,,,,,,,,,,,,,,,,,,,,,,,,,,,,,,,,,,,,,,,,,,,,,,,,,,,,,,,,,,,,,,,,,,,,,,,,,,,,,,,,,,,,,,,,,,,,,,,,,,,,,,,,,,,,,,,,,,,,,,,,690,224,,122,,422,232,,188,,162,60,,98,,,167,143,188,,,202,,,50,,,,,,,,,,,,,,,,,,,,,,,,,,,,,,,,,,,,,,,,,,,,,,,,,,,,,,,,,,,,,,,,,,,,,,,,,,,,,,,,,,,,,,,,,,,,,,,,,,,,,,,,,,,,,,,,,,,,,,,,,,,,,,,,,,,,,,,,,,,,,,,,,,,,,,,,,,,,,,,,,
2020-03-24T22:52:42+00:00,,,,,,,,,,,,,,,,,,,,,,,,,,,,,,,,,,,,,,,,,,,,,,,,,,,,,,,,,,,,,,,,,,,,,,,,,,,,,,,,,,,,,,,,,,,,,,,,,,,,,,,,,,,,,,,,,,,,,,,,,,,,,,,,,,,,,,,,,,,,,,,,,,,,,,,,,,,,,,,,,,,,,,,,,,,,,,,,,,,,,,,,,,,,,,,,,,,,,,,,,,,,,,,,,,,,,,,,,,,,,,,,,,,,,,,,,,,,,,,,,,,,,,,,,,,,,,,,,,,,,,219,,,,,,,,,,,,,,,,,,,,,,,,,,,,,,,,,,,,,,,,,,,,,,,,,,,,,,,,,,,,,,,,,,,,,,,,,,,,,,,,,,,,,,,,,,,,,,,,,,,,,,,,,,,,,,,,,,,,,,,,,,,,,,,,,,,
